{"cameraMode":{"drawMode":0,"name":"Shaded","section":"Shading Mode"},"sceneLighting":false,"audioPlay":false,"sceneViewState":{"showFog":false,"showMaterialUpdate":false,"showSkybox":false,"showFlares":false,"showImageEffects":false,"showParticleSystems":false},"in2DMode":false,"pivot":{"x":238.5362548828125,"y":370.8219909667969,"z":0.5},"rotation":{"x":-0.15265676379203797,"y":-0.026090417057275773,"z":0.00403238320723176,"w":-0.9879278540611267},"size":1625.0577392578125,"orthographic":false}